order_id,customer_id,product_id,order_date,quantity,order_status,gender,age,province,signup_date,product_category,original_price,sale_price
O0001,C0005,P013,2024-03-15 12:19:00,2,Completed,Female,46,Chonburi,2021-05-23,Electronics,2100,1807
O0002,C0042,P016,2024-03-15 13:42:00,5,Completed,Male,29,Bangkok,2022-06-02,Fashion,2194,1559
O0003,C0037,P005,2024-03-15 19:34:00,5,Completed,Female,29,Bangkok,2023-06-17,Electronics,2783,1845
O0004,C0033,P008,2024-03-15 10:04:00,1,Completed,Male,34,Khon Kaen,2022-01-16,Sports,2895,2134
O0005,C0052,P002,2024-03-15 04:24:00,2,Completed,Female,29,Bangkok,2021-10-25,Fashion,2110,1740
O0006,C0092,P017,2024-03-15 02:17:00,2,Completed,Male,23,Chonburi,2022-10-05,Beauty,1501,774
O0007,C0026,P017,2024-03-15 03:22:00,1,Completed,Male,20,Bangkok,2023-08-07,Beauty,1501,774
O0008,C0014,P007,2024-03-15 22:49:00,1,Completed,Female,28,Bangkok,2022-03-24,Electronics,4579,3858
O0009,C0043,P003,2024-03-15 17:09:00,5,Completed,Male,20,Nakhon Ratchasima,2021-03-14,Home & Living,4195,3615
O0010,C0032,P002,2024-03-15 15:40:00,3,Completed,Male,35,Chonburi,2023-12-24,Fashion,2110,1740
O0011,C0003,P013,2024-03-15 08:49:00,3,Completed,Male,43,Phuket,2021-10-07,Electronics,2100,1807
O0012,C0055,P010,2024-03-15 15:26:00,5,Completed,Male,20,Khon Kaen,2023-05-31,Electronics,2144,1854
O0013,C0085,P012,2024-03-15 12:33:00,4,Completed,Male,24,Chonburi,2023-05-08,Electronics,3572,2565
O0014,C0044,P014,2024-03-15 05:06:00,5,Completed,Male,28,Chiang Mai,2022-07-13,Sports,4500,2387
O0015,C0016,P007,2024-03-15 11:28:00,4,Completed,Female,35,Bangkok,2022-07-26,Electronics,4579,3858
O0016,C0019,P019,2024-03-15 00:37:00,1,Completed,Female,43,Khon Kaen,2022-04-28,Electronics,3038,1770
O0017,C0037,P008,2024-03-15 17:48:00,1,Completed,Female,29,Bangkok,2023-06-17,Sports,2895,2134
O0018,C0037,P015,2024-03-15 04:33:00,1,Cancelled,Female,29,Bangkok,2023-06-17,Beauty,1903,1092
O0019,C0069,P014,2024-03-15 23:40:00,4,Completed,Male,26,Chiang Mai,2021-08-16,Sports,4500,2387
O0020,C0017,P016,2024-03-15 17:33:00,3,Completed,Female,43,Bangkok,2023-12-08,Fashion,2194,1559
O0021,C0095,P003,2024-03-15 19:49:00,4,Completed,Male,18,Chonburi,2022-12-12,Home & Living,4195,3615
O0022,C0015,P011,2024-03-15 12:57:00,3,Completed,Female,27,Chiang Mai,2023-01-06,Electronics,906,699
O0023,C0093,P016,2024-03-15 03:32:00,3,Completed,Female,44,Bangkok,2021-03-22,Fashion,2194,1559
O0024,C0055,P007,2024-03-15 09:33:00,4,Completed,Male,20,Khon Kaen,2023-05-31,Electronics,4579,3858
O0025,C0019,P015,2024-03-16 00:51:00,5,Completed,Female,43,Khon Kaen,2022-04-28,Beauty,1903,1092
O0026,C0006,P015,2024-03-15 05:57:00,1,Completed,Male,25,Phuket,2022-02-03,Beauty,1903,1092
O0027,C0013,P002,2024-03-15 16:58:00,4,Completed,Female,18,Phuket,2023-07-15,Fashion,2110,1740
O0028,C0002,P016,2024-03-15 01:27:00,1,Completed,Male,26,Nakhon Ratchasima,2023-11-02,Fashion,2194,1559
O0029,C0027,P005,2024-03-15 03:43:00,5,Completed,Female,41,Nakhon Ratchasima,2022-04-25,Electronics,2783,1845
O0030,C0053,P016,2024-03-15 10:37:00,2,Completed,Female,19,Chiang Mai,2022-10-11,Fashion,2194,1559
O0031,C0067,P018,2024-03-15 21:37:00,3,Cancelled,Female,35,Nakhon Ratchasima,2022-12-26,Home & Living,927,724
O0032,C0005,P011,2024-03-15 21:41:00,1,Completed,Female,46,Chonburi,2021-05-23,Electronics,906,699
O0033,C0086,P008,2024-03-15 14:46:00,1,Completed,Female,38,Khon Kaen,2023-05-18,Sports,2895,2134
O0034,C0009,P015,2024-03-15 16:00:00,2,Completed,Female,41,Chonburi,2022-02-14,Beauty,1903,1092
O0035,C0036,P019,2024-03-15 21:01:00,2,Cancelled,Male,39,Chonburi,2021-04-26,Electronics,3038,1770
O0036,C0056,P017,2024-03-15 15:54:00,1,Completed,Male,40,Khon Kaen,2022-12-19,Beauty,1501,774
O0037,C0037,P006,2024-03-15 13:41:00,4,Completed,Female,29,Bangkok,2023-06-17,Sports,4039,2302
O0038,C0025,P010,2024-03-15 15:18:00,3,Completed,Male,37,Phuket,2023-11-08,Electronics,2144,1854
O0039,C0075,P019,2024-03-15 03:01:00,4,Completed,Female,33,Chonburi,2021-12-30,Electronics,3038,1770
O0040,C0016,P011,2024-03-15 13:47:00,5,Completed,Female,35,Bangkok,2022-07-26,Electronics,906,699
O0041,C0021,P005,2024-03-15 13:23:00,2,Cancelled,Male,38,Khon Kaen,2023-07-17,Electronics,2783,1845
O0042,C0055,P013,2024-03-15 04:16:00,3,Completed,Male,20,Khon Kaen,2023-05-31,Electronics,2100,1807
O0043,C0008,P010,2024-03-15 17:13:00,5,Completed,Female,35,Bangkok,2022-09-29,Electronics,2144,1854
O0044,C0025,P016,2024-03-15 17:46:00,1,Completed,Male,37,Phuket,2023-11-08,Fashion,2194,1559
O0045,C0007,P012,2024-03-15 19:32:00,1,Completed,Male,26,Chonburi,2021-01-19,Electronics,3572,2565
O0046,C0006,P010,2024-03-16 00:48:00,2,Completed,Male,25,Phuket,2022-02-03,Electronics,2144,1854
O0047,C0074,P009,2024-03-15 05:38:00,4,Completed,Male,21,Phuket,2023-10-08,Sports,521,300
O0048,C0052,P019,2024-03-15 05:13:00,3,Completed,Female,29,Bangkok,2021-10-25,Electronics,3038,1770
O0049,C0014,P011,2024-03-15 16:51:00,4,Completed,Female,28,Bangkok,2022-03-24,Electronics,906,699
O0050,C0020,P020,2024-03-15 08:56:00,5,Completed,Female,29,Phuket,2023-05-10,Home & Living,4504,3426
O0051,C0030,P018,2024-03-15 09:32:00,2,Completed,Female,41,Phuket,2022-03-31,Home & Living,927,724
O0052,C0061,P011,2024-03-15 07:59:00,5,Completed,Female,19,Khon Kaen,2023-06-23,Electronics,906,699
O0053,C0037,P002,2024-03-15 01:01:00,3,Completed,Female,29,Bangkok,2023-06-17,Fashion,2110,1740
O0054,C0024,P003,2024-03-15 02:36:00,1,Completed,Female,37,Nakhon Ratchasima,2021-10-24,Home & Living,4195,3615
O0055,C0019,P014,2024-03-15 11:19:00,3,Completed,Female,43,Khon Kaen,2022-04-28,Sports,4500,2387
O0056,C0001,P005,2024-03-15 06:30:00,1,Cancelled,Male,46,Chonburi,2023-12-29,Electronics,2783,1845
O0057,C0072,P010,2024-03-15 05:19:00,1,Cancelled,Male,43,Nakhon Ratchasima,2022-04-15,Electronics,2144,1854
O0058,C0043,P009,2024-03-15 14:02:00,2,Cancelled,Male,20,Nakhon Ratchasima,2021-03-14,Sports,521,300
O0059,C0023,P008,2024-03-15 13:29:00,1,Completed,Male,18,Chiang Mai,2021-03-13,Sports,2895,2134
O0060,C0068,P001,2024-03-15 00:31:00,1,Cancelled,Female,41,Chonburi,2022-06-05,Fashion,3326,1786
O0061,C0065,P004,2024-03-15 02:21:00,5,Completed,Male,23,Chonburi,2023-12-06,Home & Living,2074,1366
O0062,C0056,P002,2024-03-15 22:33:00,1,Completed,Male,40,Khon Kaen,2022-12-19,Fashion,2110,1740
O0063,C0092,P009,2024-03-15 23:30:00,1,Completed,Male,23,Chonburi,2022-10-05,Sports,521,300
O0064,C0077,P016,2024-03-15 08:33:00,5,Completed,Male,48,Khon Kaen,2022-01-27,Fashion,2194,1559
O0065,C0047,P014,2024-03-15 23:12:00,3,Completed,Female,37,Nakhon Ratchasima,2022-11-15,Sports,4500,2387
O0066,C0092,P018,2024-03-15 16:18:00,1,Completed,Male,23,Chonburi,2022-10-05,Home & Living,927,724
O0067,C0047,P005,2024-03-15 20:46:00,1,Completed,Female,37,Nakhon Ratchasima,2022-11-15,Electronics,2783,1845
O0068,C0094,P013,2024-03-15 15:28:00,1,Completed,Male,29,Chonburi,2022-11-28,Electronics,2100,1807
O0069,C0051,P001,2024-03-15 23:08:00,3,Completed,Female,40,Khon Kaen,2021-08-29,Fashion,3326,1786
O0070,C0088,P016,2024-03-15 17:12:00,5,Completed,Female,30,Chonburi,2023-11-17,Fashion,2194,1559
O0071,C0053,P018,2024-03-15 22:22:00,2,Completed,Female,19,Chiang Mai,2022-10-11,Home & Living,927,724
O0072,C0074,P014,2024-03-15 20:03:00,4,Completed,Male,21,Phuket,2023-10-08,Sports,4500,2387
O0073,C0082,P017,2024-03-15 20:27:00,3,Completed,Male,19,Chiang Mai,2023-04-07,Beauty,1501,774
O0074,C0006,P015,2024-03-15 08:05:00,1,Completed,Male,25,Phuket,2022-02-03,Beauty,1903,1092
O0075,C0044,P020,2024-03-15 15:39:00,5,Completed,Male,28,Chiang Mai,2022-07-13,Home & Living,4504,3426
O0076,C0034,P017,2024-03-15 08:12:00,5,Completed,Male,37,Phuket,2023-04-20,Beauty,1501,774
O0077,C0039,P002,2024-03-15 04:53:00,4,Completed,Male,18,Bangkok,2023-02-11,Fashion,2110,1740
O0078,C0027,P010,2024-03-15 15:36:00,3,Completed,Female,41,Nakhon Ratchasima,2022-04-25,Electronics,2144,1854
O0079,C0050,P017,2024-03-15 16:34:00,1,Completed,Male,38,Khon Kaen,2021-11-01,Beauty,1501,774
O0080,C0094,P008,2024-03-15 22:39:00,5,Completed,Male,29,Chonburi,2022-11-28,Sports,2895,2134
O0081,C0075,P012,2024-03-15 07:09:00,5,Completed,Female,33,Chonburi,2021-12-30,Electronics,3572,2565
O0082,C0081,P011,2024-03-15 02:09:00,4,Completed,Male,44,Khon Kaen,2022-03-22,Electronics,906,699
O0083,C0067,P006,2024-03-15 21:50:00,1,Completed,Female,35,Nakhon Ratchasima,2022-12-26,Sports,4039,2302
O0084,C0030,P019,2024-03-15 20:06:00,4,Completed,Female,41,Phuket,2022-03-31,Electronics,3038,1770
O0085,C0054,P007,2024-03-15 03:26:00,4,Completed,Female,38,Nakhon Ratchasima,2021-01-16,Electronics,4579,3858
O0086,C0057,P020,2024-03-15 04:20:00,5,Completed,Female,49,Nakhon Ratchasima,2021-07-23,Home & Living,4504,3426
O0087,C0066,P002,2024-03-15 14:50:00,1,Completed,Female,18,Nakhon Ratchasima,2023-03-29,Fashion,2110,1740
O0088,C0024,P014,2024-03-15 19:15:00,2,Completed,Female,37,Nakhon Ratchasima,2021-10-24,Sports,4500,2387
O0089,C0026,P006,2024-03-15 16:12:00,1,Completed,Male,20,Bangkok,2023-08-07,Sports,4039,2302
O0090,C0012,P016,2024-03-15 05:10:00,3,Completed,Male,22,Chonburi,2023-05-28,Fashion,2194,1559
O0091,C0087,P010,2024-03-15 09:45:00,1,Completed,Male,23,Bangkok,2023-05-07,Electronics,2144,1854
O0092,C0014,P011,2024-03-15 15:48:00,3,Completed,Female,28,Bangkok,2022-03-24,Electronics,906,699
O0093,C0041,P007,2024-03-15 13:19:00,5,Completed,Female,38,Chiang Mai,2022-11-07,Electronics,4579,3858
O0094,C0069,P002,2024-03-15 02:13:00,5,Cancelled,Male,26,Chiang Mai,2021-08-16,Fashion,2110,1740
O0095,C0041,P010,2024-03-15 23:01:00,1,Cancelled,Female,38,Chiang Mai,2022-11-07,Electronics,2144,1854
O0096,C0082,P001,2024-03-15 06:46:00,3,Completed,Male,19,Chiang Mai,2023-04-07,Fashion,3326,1786
O0097,C0074,P013,2024-03-15 13:15:00,2,Cancelled,Male,21,Phuket,2023-10-08,Electronics,2100,1807
O0098,C0026,P002,2024-03-15 03:02:00,5,Completed,Male,20,Bangkok,2023-08-07,Fashion,2110,1740
O0099,C0068,P002,2024-03-15 01:08:00,5,Completed,Female,41,Chonburi,2022-06-05,Fashion,2110,1740
O0100,C0041,P017,2024-03-15 00:06:00,4,Cancelled,Female,38,Chiang Mai,2022-11-07,Beauty,1501,774
O0101,C0099,P008,2024-03-15 22:06:00,2,Completed,Female,45,Nakhon Ratchasima,2023-11-13,Sports,2895,2134
O0102,C0002,P019,2024-03-15 20:07:00,2,Completed,Male,26,Nakhon Ratchasima,2023-11-02,Electronics,3038,1770
O0103,C0072,P006,2024-03-15 04:47:00,2,Completed,Male,43,Nakhon Ratchasima,2022-04-15,Sports,4039,2302
O0104,C0034,P016,2024-03-16 00:23:00,1,Cancelled,Male,37,Phuket,2023-04-20,Fashion,2194,1559
O0105,C0062,P007,2024-03-15 03:06:00,4,Completed,Female,23,Nakhon Ratchasima,2023-07-09,Electronics,4579,3858
O0106,C0092,P001,2024-03-15 23:13:00,5,Completed,Male,23,Chonburi,2022-10-05,Fashion,3326,1786
O0107,C0064,P018,2024-03-15 03:58:00,4,Completed,Male,46,Chiang Mai,2022-02-18,Home & Living,927,724
O0108,C0071,P014,2024-03-15 09:38:00,1,Completed,Male,48,Khon Kaen,2021-09-27,Sports,4500,2387
O0109,C0072,P019,2024-03-15 04:14:00,5,Cancelled,Male,43,Nakhon Ratchasima,2022-04-15,Electronics,3038,1770
O0110,C0093,P013,2024-03-15 23:01:00,3,Completed,Female,44,Bangkok,2021-03-22,Electronics,2100,1807
O0111,C0012,P001,2024-03-15 10:25:00,4,Completed,Male,22,Chonburi,2023-05-28,Fashion,3326,1786
O0112,C0076,P002,2024-03-15 19:42:00,2,Completed,Female,23,Bangkok,2021-03-10,Fashion,2110,1740
O0113,C0054,P012,2024-03-15 23:02:00,3,Completed,Female,38,Nakhon Ratchasima,2021-01-16,Electronics,3572,2565
O0114,C0074,P018,2024-03-15 00:41:00,1,Completed,Male,21,Phuket,2023-10-08,Home & Living,927,724
O0115,C0030,P014,2024-03-15 15:33:00,3,Completed,Female,41,Phuket,2022-03-31,Sports,4500,2387
O0116,C0030,P012,2024-03-15 11:17:00,2,Completed,Female,41,Phuket,2022-03-31,Electronics,3572,2565
O0117,C0039,P005,2024-03-15 03:12:00,2,Completed,Male,18,Bangkok,2023-02-11,Electronics,2783,1845
O0118,C0088,P017,2024-03-15 15:00:00,3,Completed,Female,30,Chonburi,2023-11-17,Beauty,1501,774
O0119,C0076,P014,2024-03-15 18:25:00,3,Completed,Female,23,Bangkok,2021-03-10,Sports,4500,2387
O0120,C0057,P007,2024-03-15 15:29:00,5,Completed,Female,49,Nakhon Ratchasima,2021-07-23,Electronics,4579,3858
O0121,C0048,P017,2024-03-15 09:55:00,2,Cancelled,Male,19,Nakhon Ratchasima,2021-12-04,Beauty,1501,774
O0122,C0056,P007,2024-03-15 02:42:00,3,Completed,Male,40,Khon Kaen,2022-12-19,Electronics,4579,3858
O0123,C0091,P001,2024-03-15 02:27:00,3,Completed,Male,20,Nakhon Ratchasima,2023-08-13,Fashion,3326,1786
O0124,C0022,P011,2024-03-15 01:25:00,4,Completed,Female,39,Khon Kaen,2022-08-12,Electronics,906,699
O0125,C0021,P012,2024-03-15 17:46:00,5,Completed,Male,38,Khon Kaen,2023-07-17,Electronics,3572,2565
O0126,C0048,P002,2024-03-15 09:00:00,2,Completed,Male,19,Nakhon Ratchasima,2021-12-04,Fashion,2110,1740
O0127,C0046,P009,2024-03-15 04:32:00,2,Cancelled,Male,39,Chonburi,2022-12-16,Sports,521,300
O0128,C0044,P011,2024-03-15 04:13:00,4,Completed,Male,28,Chiang Mai,2022-07-13,Electronics,906,699
O0129,C0017,P014,2024-03-15 01:30:00,5,Completed,Female,43,Bangkok,2023-12-08,Sports,4500,2387
O0130,C0011,P001,2024-03-15 07:46:00,4,Completed,Male,32,Nakhon Ratchasima,2022-02-12,Fashion,3326,1786
O0131,C0077,P011,2024-03-15 01:59:00,1,Completed,Male,48,Khon Kaen,2022-01-27,Electronics,906,699
O0132,C0050,P019,2024-03-15 15:40:00,3,Completed,Male,38,Khon Kaen,2021-11-01,Electronics,3038,1770
O0133,C0077,P010,2024-03-15 20:14:00,1,Completed,Male,48,Khon Kaen,2022-01-27,Electronics,2144,1854
O0134,C0035,P014,2024-03-15 09:41:00,2,Completed,Female,46,Khon Kaen,2022-04-28,Sports,4500,2387
O0135,C0097,P011,2024-03-15 20:50:00,4,Completed,Female,37,Chiang Mai,2023-03-07,Electronics,906,699
O0136,C0085,P014,2024-03-15 22:54:00,3,Completed,Male,24,Chonburi,2023-05-08,Sports,4500,2387
O0137,C0095,P018,2024-03-15 10:20:00,2,Cancelled,Male,18,Chonburi,2022-12-12,Home & Living,927,724
O0138,C0073,P010,2024-03-15 19:11:00,1,Completed,Male,21,Chiang Mai,2021-04-28,Electronics,2144,1854
O0139,C0019,P015,2024-03-15 13:59:00,1,Completed,Female,43,Khon Kaen,2022-04-28,Beauty,1903,1092
O0140,C0053,P009,2024-03-15 19:44:00,5,Completed,Female,19,Chiang Mai,2022-10-11,Sports,521,300
O0141,C0053,P005,2024-03-15 00:36:00,5,Completed,Female,19,Chiang Mai,2022-10-11,Electronics,2783,1845
O0142,C0045,P010,2024-03-15 19:41:00,4,Completed,Male,49,Nakhon Ratchasima,2023-03-19,Electronics,2144,1854
O0143,C0042,P010,2024-03-15 03:12:00,4,Completed,Male,29,Bangkok,2022-06-02,Electronics,2144,1854
O0144,C0057,P011,2024-03-15 00:03:00,3,Cancelled,Female,49,Nakhon Ratchasima,2021-07-23,Electronics,906,699
O0145,C0061,P019,2024-03-15 01:06:00,2,Completed,Female,19,Khon Kaen,2023-06-23,Electronics,3038,1770
O0146,C0087,P009,2024-03-15 07:51:00,5,Completed,Male,23,Bangkok,2023-05-07,Sports,521,300
O0147,C0017,P017,2024-03-15 00:56:00,3,Completed,Female,43,Bangkok,2023-12-08,Beauty,1501,774
O0148,C0056,P001,2024-03-15 23:22:00,4,Completed,Male,40,Khon Kaen,2022-12-19,Fashion,3326,1786
O0149,C0031,P012,2024-03-15 19:05:00,3,Completed,Male,39,Nakhon Ratchasima,2023-11-19,Electronics,3572,2565
O0150,C0005,P019,2024-03-15 08:36:00,3,Completed,Female,46,Chonburi,2021-05-23,Electronics,3038,1770
O0151,C0070,P019,2024-03-15 12:17:00,3,Completed,Female,47,Chiang Mai,2021-09-17,Electronics,3038,1770
O0152,C0017,P010,2024-03-15 16:26:00,1,Completed,Female,43,Bangkok,2023-12-08,Electronics,2144,1854
O0153,C0048,P015,2024-03-15 23:59:00,5,Completed,Male,19,Nakhon Ratchasima,2021-12-04,Beauty,1903,1092
O0154,C0087,P020,2024-03-15 09:27:00,5,Completed,Male,23,Bangkok,2023-05-07,Home & Living,4504,3426
O0155,C0068,P019,2024-03-15 12:54:00,1,Completed,Female,41,Chonburi,2022-06-05,Electronics,3038,1770
O0156,C0058,P008,2024-03-15 13:10:00,5,Completed,Male,25,Phuket,2022-10-26,Sports,2895,2134
O0157,C0050,P006,2024-03-15 01:54:00,5,Completed,Male,38,Khon Kaen,2021-11-01,Sports,4039,2302
O0158,C0060,P017,2024-03-15 18:14:00,2,Completed,Male,25,Phuket,2021-10-14,Beauty,1501,774
O0159,C0064,P002,2024-03-15 14:49:00,5,Completed,Male,46,Chiang Mai,2022-02-18,Fashion,2110,1740
O0160,C0006,P018,2024-03-15 21:19:00,5,Cancelled,Male,25,Phuket,2022-02-03,Home & Living,927,724
O0161,C0019,P008,2024-03-15 14:06:00,2,Completed,Female,43,Khon Kaen,2022-04-28,Sports,2895,2134
O0162,C0011,P006,2024-03-15 16:34:00,2,Completed,Male,32,Nakhon Ratchasima,2022-02-12,Sports,4039,2302
O0163,C0026,P013,2024-03-15 12:20:00,4,Completed,Male,20,Bangkok,2023-08-07,Electronics,2100,1807
O0164,C0031,P001,2024-03-15 22:36:00,4,Cancelled,Male,39,Nakhon Ratchasima,2023-11-19,Fashion,3326,1786
O0165,C0008,P011,2024-03-15 14:09:00,3,Completed,Female,35,Bangkok,2022-09-29,Electronics,906,699
O0166,C0092,P017,2024-03-15 10:15:00,3,Completed,Male,23,Chonburi,2022-10-05,Beauty,1501,774
O0167,C0043,P019,2024-03-15 15:42:00,2,Completed,Male,20,Nakhon Ratchasima,2021-03-14,Electronics,3038,1770
O0168,C0062,P018,2024-03-15 13:11:00,5,Completed,Female,23,Nakhon Ratchasima,2023-07-09,Home & Living,927,724
O0169,C0090,P020,2024-03-15 22:25:00,1,Completed,Female,25,Nakhon Ratchasima,2023-01-22,Home & Living,4504,3426
O0170,C0053,P002,2024-03-15 06:04:00,3,Cancelled,Female,19,Chiang Mai,2022-10-11,Fashion,2110,1740
O0171,C0092,P014,2024-03-15 20:31:00,4,Completed,Male,23,Chonburi,2022-10-05,Sports,4500,2387
O0172,C0026,P014,2024-03-15 13:15:00,5,Completed,Male,20,Bangkok,2023-08-07,Sports,4500,2387
O0173,C0032,P001,2024-03-15 00:37:00,4,Completed,Male,35,Chonburi,2023-12-24,Fashion,3326,1786
O0174,C0001,P020,2024-03-15 23:27:00,5,Completed,Male,46,Chonburi,2023-12-29,Home & Living,4504,3426
O0175,C0087,P004,2024-03-15 11:16:00,1,Completed,Male,23,Bangkok,2023-05-07,Home & Living,2074,1366
O0176,C0009,P007,2024-03-15 08:53:00,4,Completed,Female,41,Chonburi,2022-02-14,Electronics,4579,3858
O0177,C0047,P010,2024-03-15 09:36:00,5,Completed,Female,37,Nakhon Ratchasima,2022-11-15,Electronics,2144,1854
O0178,C0029,P016,2024-03-15 22:22:00,5,Completed,Female,50,Phuket,2022-02-05,Fashion,2194,1559
O0179,C0074,P014,2024-03-15 06:04:00,2,Completed,Male,21,Phuket,2023-10-08,Sports,4500,2387
O0180,C0025,P014,2024-03-15 08:56:00,1,Completed,Male,37,Phuket,2023-11-08,Sports,4500,2387
O0181,C0050,P019,2024-03-15 03:45:00,1,Completed,Male,38,Khon Kaen,2021-11-01,Electronics,3038,1770
O0182,C0042,P015,2024-03-15 15:47:00,5,Completed,Male,29,Bangkok,2022-06-02,Beauty,1903,1092
O0183,C0018,P015,2024-03-15 06:18:00,4,Completed,Female,47,Khon Kaen,2022-11-09,Beauty,1903,1092
O0184,C0080,P007,2024-03-16 00:07:00,4,Completed,Female,27,Chonburi,2023-09-11,Electronics,4579,3858
O0185,C0044,P013,2024-03-15 01:13:00,3,Completed,Male,28,Chiang Mai,2022-07-13,Electronics,2100,1807
O0186,C0044,P018,2024-03-15 22:51:00,5,Completed,Male,28,Chiang Mai,2022-07-13,Home & Living,927,724
O0187,C0096,P020,2024-03-15 03:11:00,5,Completed,Male,37,Khon Kaen,2023-05-23,Home & Living,4504,3426
O0188,C0064,P013,2024-03-15 13:11:00,2,Cancelled,Male,46,Chiang Mai,2022-02-18,Electronics,2100,1807
O0189,C0069,P008,2024-03-15 22:06:00,3,Completed,Male,26,Chiang Mai,2021-08-16,Sports,2895,2134
O0190,C0008,P006,2024-03-15 09:31:00,1,Completed,Female,35,Bangkok,2022-09-29,Sports,4039,2302
O0191,C0091,P012,2024-03-15 14:27:00,1,Cancelled,Male,20,Nakhon Ratchasima,2023-08-13,Electronics,3572,2565
O0192,C0063,P003,2024-03-15 05:32:00,1,Completed,Male,43,Chiang Mai,2023-09-23,Home & Living,4195,3615
O0193,C0003,P013,2024-03-15 04:17:00,1,Cancelled,Male,43,Phuket,2021-10-07,Electronics,2100,1807
O0194,C0087,P005,2024-03-15 14:34:00,1,Completed,Male,23,Bangkok,2023-05-07,Electronics,2783,1845
O0195,C0031,P006,2024-03-15 21:58:00,1,Completed,Male,39,Nakhon Ratchasima,2023-11-19,Sports,4039,2302
O0196,C0043,P004,2024-03-15 13:11:00,3,Completed,Male,20,Nakhon Ratchasima,2021-03-14,Home & Living,2074,1366
O0197,C0006,P003,2024-03-15 02:41:00,1,Completed,Male,25,Phuket,2022-02-03,Home & Living,4195,3615
O0198,C0007,P019,2024-03-15 21:08:00,3,Cancelled,Male,26,Chonburi,2021-01-19,Electronics,3038,1770
O0199,C0041,P016,2024-03-15 23:38:00,5,Cancelled,Female,38,Chiang Mai,2022-11-07,Fashion,2194,1559
O0200,C0022,P018,2024-03-15 22:47:00,5,Completed,Female,39,Khon Kaen,2022-08-12,Home & Living,927,724
O0201,C0021,P002,2024-03-15 08:05:00,2,Completed,Male,38,Khon Kaen,2023-07-17,Fashion,2110,1740
O0202,C0055,P009,2024-03-15 08:39:00,1,Completed,Male,20,Khon Kaen,2023-05-31,Sports,521,300
O0203,C0067,P008,2024-03-15 22:58:00,1,Completed,Female,35,Nakhon Ratchasima,2022-12-26,Sports,2895,2134
O0204,C0073,P018,2024-03-15 16:30:00,2,Completed,Male,21,Chiang Mai,2021-04-28,Home & Living,927,724
O0205,C0093,P001,2024-03-15 05:08:00,4,Completed,Female,44,Bangkok,2021-03-22,Fashion,3326,1786
O0206,C0088,P012,2024-03-15 01:59:00,5,Completed,Female,30,Chonburi,2023-11-17,Electronics,3572,2565
O0207,C0086,P017,2024-03-15 16:26:00,2,Completed,Female,38,Khon Kaen,2023-05-18,Beauty,1501,774
O0208,C0006,P015,2024-03-15 18:25:00,3,Completed,Male,25,Phuket,2022-02-03,Beauty,1903,1092
O0209,C0033,P011,2024-03-15 16:24:00,4,Completed,Male,34,Khon Kaen,2022-01-16,Electronics,906,699
O0210,C0013,P018,2024-03-15 08:45:00,1,Completed,Female,18,Phuket,2023-07-15,Home & Living,927,724
O0211,C0028,P010,2024-03-15 12:26:00,5,Cancelled,Female,35,Chonburi,2021-07-06,Electronics,2144,1854
O0212,C0014,P007,2024-03-15 01:50:00,1,Completed,Female,28,Bangkok,2022-03-24,Electronics,4579,3858
O0213,C0079,P008,2024-03-15 00:41:00,5,Cancelled,Female,45,Chiang Mai,2023-09-25,Sports,2895,2134
O0214,C0032,P011,2024-03-15 21:43:00,1,Completed,Male,35,Chonburi,2023-12-24,Electronics,906,699
O0215,C0046,P002,2024-03-15 19:53:00,3,Completed,Male,39,Chonburi,2022-12-16,Fashion,2110,1740
O0216,C0015,P013,2024-03-15 22:14:00,2,Completed,Female,27,Chiang Mai,2023-01-06,Electronics,2100,1807
O0217,C0066,P019,2024-03-15 08:48:00,3,Completed,Female,18,Nakhon Ratchasima,2023-03-29,Electronics,3038,1770
O0218,C0075,P016,2024-03-15 08:28:00,5,Completed,Female,33,Chonburi,2021-12-30,Fashion,2194,1559
O0219,C0022,P001,2024-03-15 19:04:00,5,Cancelled,Female,39,Khon Kaen,2022-08-12,Fashion,3326,1786
O0220,C0100,P016,2024-03-15 23:50:00,2,Completed,Male,24,Bangkok,2021-06-29,Fashion,2194,1559
O0221,C0003,P009,2024-03-15 05:29:00,1,Completed,Male,43,Phuket,2021-10-07,Sports,521,300
O0222,C0063,P007,2024-03-15 01:07:00,4,Completed,Male,43,Chiang Mai,2023-09-23,Electronics,4579,3858
O0223,C0078,P018,2024-03-15 13:01:00,1,Completed,Female,33,Nakhon Ratchasima,2022-08-30,Home & Living,927,724
O0224,C0009,P013,2024-03-15 08:44:00,2,Completed,Female,41,Chonburi,2022-02-14,Electronics,2100,1807
O0225,C0090,P007,2024-03-15 20:41:00,3,Completed,Female,25,Nakhon Ratchasima,2023-01-22,Electronics,4579,3858
O0226,C0095,P013,2024-03-15 22:32:00,3,Completed,Male,18,Chonburi,2022-12-12,Electronics,2100,1807
O0227,C0081,P011,2024-03-15 19:41:00,4,Completed,Male,44,Khon Kaen,2022-03-22,Electronics,906,699
O0228,C0009,P015,2024-03-15 17:15:00,1,Completed,Female,41,Chonburi,2022-02-14,Beauty,1903,1092
O0229,C0098,P010,2024-03-15 16:14:00,2,Cancelled,Male,25,Nakhon Ratchasima,2022-02-24,Electronics,2144,1854
O0230,C0035,P016,2024-03-15 01:41:00,2,Completed,Female,46,Khon Kaen,2022-04-28,Fashion,2194,1559
O0231,C0069,P006,2024-03-15 01:04:00,5,Cancelled,Male,26,Chiang Mai,2021-08-16,Sports,4039,2302
O0232,C0033,P014,2024-03-15 12:16:00,2,Completed,Male,34,Khon Kaen,2022-01-16,Sports,4500,2387
O0233,C0036,P017,2024-03-15 14:44:00,1,Completed,Male,39,Chonburi,2021-04-26,Beauty,1501,774
O0234,C0065,P014,2024-03-15 06:08:00,4,Completed,Male,23,Chonburi,2023-12-06,Sports,4500,2387
O0235,C0100,P006,2024-03-15 17:20:00,2,Completed,Male,24,Bangkok,2021-06-29,Sports,4039,2302
O0236,C0071,P009,2024-03-15 04:24:00,4,Completed,Male,48,Khon Kaen,2021-09-27,Sports,521,300
O0237,C0030,P001,2024-03-15 10:15:00,5,Completed,Female,41,Phuket,2022-03-31,Fashion,3326,1786
O0238,C0013,P019,2024-03-15 22:40:00,3,Completed,Female,18,Phuket,2023-07-15,Electronics,3038,1770
O0239,C0085,P019,2024-03-15 01:58:00,5,Completed,Male,24,Chonburi,2023-05-08,Electronics,3038,1770
O0240,C0034,P007,2024-03-15 14:24:00,2,Completed,Male,37,Phuket,2023-04-20,Electronics,4579,3858
O0241,C0099,P015,2024-03-15 21:29:00,4,Completed,Female,45,Nakhon Ratchasima,2023-11-13,Beauty,1903,1092
O0242,C0054,P003,2024-03-15 02:10:00,1,Completed,Female,38,Nakhon Ratchasima,2021-01-16,Home & Living,4195,3615
O0243,C0023,P011,2024-03-15 03:44:00,2,Completed,Male,18,Chiang Mai,2021-03-13,Electronics,906,699
O0244,C0049,P013,2024-03-15 16:27:00,4,Cancelled,Female,39,Bangkok,2021-09-18,Electronics,2100,1807
O0245,C0083,P009,2024-03-15 09:33:00,4,Completed,Female,27,Phuket,2022-03-25,Sports,521,300
O0246,C0085,P006,2024-03-15 05:23:00,3,Completed,Male,24,Chonburi,2023-05-08,Sports,4039,2302
O0247,C0053,P011,2024-03-15 17:35:00,1,Completed,Female,19,Chiang Mai,2022-10-11,Electronics,906,699
O0248,C0002,P017,2024-03-15 05:39:00,3,Completed,Male,26,Nakhon Ratchasima,2023-11-02,Beauty,1501,774
O0249,C0088,P012,2024-03-15 18:01:00,3,Completed,Female,30,Chonburi,2023-11-17,Electronics,3572,2565
O0250,C0058,P012,2024-03-15 22:55:00,2,Completed,Male,25,Phuket,2022-10-26,Electronics,3572,2565
O0251,C0092,P002,2024-03-15 09:16:00,4,Completed,Male,23,Chonburi,2022-10-05,Fashion,2110,1740
O0252,C0078,P005,2024-03-15 19:06:00,2,Completed,Female,33,Nakhon Ratchasima,2022-08-30,Electronics,2783,1845
O0253,C0015,P004,2024-03-15 04:27:00,1,Completed,Female,27,Chiang Mai,2023-01-06,Home & Living,2074,1366
O0254,C0046,P003,2024-03-15 14:28:00,3,Completed,Male,39,Chonburi,2022-12-16,Home & Living,4195,3615
O0255,C0038,P010,2024-03-15 04:47:00,1,Completed,Female,23,Phuket,2022-01-17,Electronics,2144,1854
O0256,C0070,P020,2024-03-15 23:42:00,3,Completed,Female,47,Chiang Mai,2021-09-17,Home & Living,4504,3426
O0257,C0035,P016,2024-03-15 09:51:00,5,Completed,Female,46,Khon Kaen,2022-04-28,Fashion,2194,1559
O0258,C0017,P004,2024-03-15 18:18:00,1,Completed,Female,43,Bangkok,2023-12-08,Home & Living,2074,1366
O0259,C0015,P010,2024-03-15 10:12:00,5,Completed,Female,27,Chiang Mai,2023-01-06,Electronics,2144,1854
O0260,C0009,P013,2024-03-15 01:00:00,1,Completed,Female,41,Chonburi,2022-02-14,Electronics,2100,1807
O0261,C0026,P012,2024-03-15 09:42:00,1,Completed,Male,20,Bangkok,2023-08-07,Electronics,3572,2565
O0262,C0072,P012,2024-03-15 16:22:00,1,Completed,Male,43,Nakhon Ratchasima,2022-04-15,Electronics,3572,2565
O0263,C0017,P007,2024-03-15 17:09:00,3,Completed,Female,43,Bangkok,2023-12-08,Electronics,4579,3858
O0264,C0043,P019,2024-03-16 00:19:00,4,Completed,Male,20,Nakhon Ratchasima,2021-03-14,Electronics,3038,1770
O0265,C0004,P005,2024-03-15 06:06:00,2,Completed,Male,20,Chiang Mai,2023-08-30,Electronics,2783,1845
O0266,C0059,P004,2024-03-16 00:40:00,5,Completed,Female,43,Phuket,2022-04-10,Home & Living,2074,1366
O0267,C0093,P010,2024-03-15 15:38:00,5,Completed,Female,44,Bangkok,2021-03-22,Electronics,2144,1854
O0268,C0007,P003,2024-03-15 15:24:00,5,Cancelled,Male,26,Chonburi,2021-01-19,Home & Living,4195,3615
O0269,C0052,P007,2024-03-15 05:16:00,4,Completed,Female,29,Bangkok,2021-10-25,Electronics,4579,3858
O0270,C0014,P009,2024-03-15 02:48:00,1,Completed,Female,28,Bangkok,2022-03-24,Sports,521,300
O0271,C0002,P002,2024-03-15 00:19:00,2,Completed,Male,26,Nakhon Ratchasima,2023-11-02,Fashion,2110,1740
O0272,C0014,P014,2024-03-15 08:20:00,2,Completed,Female,28,Bangkok,2022-03-24,Sports,4500,2387
O0273,C0052,P006,2024-03-15 11:46:00,5,Completed,Female,29,Bangkok,2021-10-25,Sports,4039,2302
O0274,C0095,P014,2024-03-15 01:48:00,2,Completed,Male,18,Chonburi,2022-12-12,Sports,4500,2387
O0275,C0036,P006,2024-03-15 07:54:00,5,Completed,Male,39,Chonburi,2021-04-26,Sports,4039,2302
O0276,C0004,P003,2024-03-15 00:37:00,1,Completed,Male,20,Chiang Mai,2023-08-30,Home & Living,4195,3615
O0277,C0013,P019,2024-03-15 02:20:00,5,Completed,Female,18,Phuket,2023-07-15,Electronics,3038,1770
O0278,C0075,P004,2024-03-16 00:26:00,4,Completed,Female,33,Chonburi,2021-12-30,Home & Living,2074,1366
O0279,C0062,P014,2024-03-15 20:14:00,5,Completed,Female,23,Nakhon Ratchasima,2023-07-09,Sports,4500,2387
O0280,C0051,P011,2024-03-15 04:32:00,1,Completed,Female,40,Khon Kaen,2021-08-29,Electronics,906,699
O0281,C0062,P001,2024-03-15 12:13:00,5,Completed,Female,23,Nakhon Ratchasima,2023-07-09,Fashion,3326,1786
O0282,C0074,P007,2024-03-15 17:39:00,2,Completed,Male,21,Phuket,2023-10-08,Electronics,4579,3858
O0283,C0026,P003,2024-03-15 16:50:00,5,Completed,Male,20,Bangkok,2023-08-07,Home & Living,4195,3615
O0284,C0089,P006,2024-03-15 23:11:00,1,Completed,Female,39,Phuket,2023-08-18,Sports,4039,2302
O0285,C0073,P006,2024-03-15 16:15:00,3,Completed,Male,21,Chiang Mai,2021-04-28,Sports,4039,2302
O0286,C0080,P018,2024-03-15 08:42:00,4,Completed,Female,27,Chonburi,2023-09-11,Home & Living,927,724
O0287,C0017,P006,2024-03-15 07:44:00,4,Completed,Female,43,Bangkok,2023-12-08,Sports,4039,2302
O0288,C0092,P016,2024-03-15 19:38:00,4,Completed,Male,23,Chonburi,2022-10-05,Fashion,2194,1559
O0289,C0045,P012,2024-03-15 06:13:00,4,Completed,Male,49,Nakhon Ratchasima,2023-03-19,Electronics,3572,2565
O0290,C0055,P005,2024-03-15 14:42:00,3,Completed,Male,20,Khon Kaen,2023-05-31,Electronics,2783,1845
O0291,C0023,P008,2024-03-15 06:28:00,2,Completed,Male,18,Chiang Mai,2021-03-13,Sports,2895,2134
O0292,C0022,P014,2024-03-15 23:46:00,4,Completed,Female,39,Khon Kaen,2022-08-12,Sports,4500,2387
O0293,C0016,P014,2024-03-15 04:05:00,1,Completed,Female,35,Bangkok,2022-07-26,Sports,4500,2387
O0294,C0010,P009,2024-03-16 00:58:00,4,Completed,Female,33,Phuket,2023-10-28,Sports,521,300
O0295,C0055,P013,2024-03-15 11:54:00,1,Completed,Male,20,Khon Kaen,2023-05-31,Electronics,2100,1807
O0296,C0020,P012,2024-03-15 15:31:00,2,Completed,Female,29,Phuket,2023-05-10,Electronics,3572,2565
O0297,C0065,P010,2024-03-15 21:44:00,1,Completed,Male,23,Chonburi,2023-12-06,Electronics,2144,1854
O0298,C0096,P014,2024-03-16 00:40:00,4,Completed,Male,37,Khon Kaen,2023-05-23,Sports,4500,2387
O0299,C0040,P017,2024-03-15 23:07:00,1,Cancelled,Female,36,Phuket,2021-11-22,Beauty,1501,774
O0300,C0003,P016,2024-03-15 15:24:00,3,Completed,Male,43,Phuket,2021-10-07,Fashion,2194,1559
O0301,C0058,P018,2024-03-15 01:47:00,4,Completed,Male,25,Phuket,2022-10-26,Home & Living,927,724
O0302,C0056,P018,2024-03-15 06:26:00,1,Completed,Male,40,Khon Kaen,2022-12-19,Home & Living,927,724
O0303,C0086,P004,2024-03-15 00:09:00,1,Completed,Female,38,Khon Kaen,2023-05-18,Home & Living,2074,1366
O0304,C0066,P001,2024-03-15 03:37:00,4,Completed,Female,18,Nakhon Ratchasima,2023-03-29,Fashion,3326,1786
O0305,C0074,P009,2024-03-15 21:04:00,5,Completed,Male,21,Phuket,2023-10-08,Sports,521,300
O0306,C0023,P014,2024-03-15 18:05:00,5,Completed,Male,18,Chiang Mai,2021-03-13,Sports,4500,2387
O0307,C0042,P020,2024-03-15 20:47:00,3,Completed,Male,29,Bangkok,2022-06-02,Home & Living,4504,3426
O0308,C0006,P005,2024-03-15 12:36:00,5,Completed,Male,25,Phuket,2022-02-03,Electronics,2783,1845
O0309,C0078,P019,2024-03-15 07:54:00,5,Completed,Female,33,Nakhon Ratchasima,2022-08-30,Electronics,3038,1770
O0310,C0010,P016,2024-03-15 04:06:00,2,Completed,Female,33,Phuket,2023-10-28,Fashion,2194,1559
O0311,C0004,P018,2024-03-15 16:14:00,5,Completed,Male,20,Chiang Mai,2023-08-30,Home & Living,927,724
O0312,C0080,P018,2024-03-15 00:34:00,2,Completed,Female,27,Chonburi,2023-09-11,Home & Living,927,724
O0313,C0100,P007,2024-03-15 12:06:00,4,Completed,Male,24,Bangkok,2021-06-29,Electronics,4579,3858
O0314,C0028,P013,2024-03-15 08:14:00,5,Completed,Female,35,Chonburi,2021-07-06,Electronics,2100,1807
O0315,C0067,P008,2024-03-15 18:59:00,5,Completed,Female,35,Nakhon Ratchasima,2022-12-26,Sports,2895,2134
O0316,C0086,P015,2024-03-15 03:19:00,1,Completed,Female,38,Khon Kaen,2023-05-18,Beauty,1903,1092
O0317,C0050,P001,2024-03-15 00:56:00,5,Completed,Male,38,Khon Kaen,2021-11-01,Fashion,3326,1786
O0318,C0024,P016,2024-03-15 12:08:00,5,Completed,Female,37,Nakhon Ratchasima,2021-10-24,Fashion,2194,1559
O0319,C0089,P015,2024-03-15 06:39:00,4,Completed,Female,39,Phuket,2023-08-18,Beauty,1903,1092
O0320,C0023,P015,2024-03-15 21:22:00,4,Completed,Male,18,Chiang Mai,2021-03-13,Beauty,1903,1092
O0321,C0085,P016,2024-03-15 23:10:00,3,Completed,Male,24,Chonburi,2023-05-08,Fashion,2194,1559
O0322,C0001,P008,2024-03-15 05:55:00,3,Cancelled,Male,46,Chonburi,2023-12-29,Sports,2895,2134
O0323,C0031,P014,2024-03-15 07:08:00,3,Completed,Male,39,Nakhon Ratchasima,2023-11-19,Sports,4500,2387
O0324,C0089,P002,2024-03-15 18:07:00,4,Completed,Female,39,Phuket,2023-08-18,Fashion,2110,1740
O0325,C0034,P003,2024-03-15 21:05:00,1,Completed,Male,37,Phuket,2023-04-20,Home & Living,4195,3615
O0326,C0009,P007,2024-03-15 04:12:00,3,Completed,Female,41,Chonburi,2022-02-14,Electronics,4579,3858
O0327,C0053,P003,2024-03-15 23:39:00,1,Completed,Female,19,Chiang Mai,2022-10-11,Home & Living,4195,3615
O0328,C0073,P007,2024-03-16 00:58:00,1,Completed,Male,21,Chiang Mai,2021-04-28,Electronics,4579,3858
O0329,C0043,P017,2024-03-15 20:00:00,5,Completed,Male,20,Nakhon Ratchasima,2021-03-14,Beauty,1501,774
O0330,C0050,P015,2024-03-15 05:39:00,3,Completed,Male,38,Khon Kaen,2021-11-01,Beauty,1903,1092
O0331,C0038,P020,2024-03-15 10:01:00,2,Completed,Female,23,Phuket,2022-01-17,Home & Living,4504,3426
O0332,C0010,P008,2024-03-15 17:56:00,2,Completed,Female,33,Phuket,2023-10-28,Sports,2895,2134
O0333,C0018,P004,2024-03-15 20:54:00,2,Completed,Female,47,Khon Kaen,2022-11-09,Home & Living,2074,1366
O0334,C0062,P004,2024-03-15 07:33:00,1,Completed,Female,23,Nakhon Ratchasima,2023-07-09,Home & Living,2074,1366
O0335,C0045,P014,2024-03-15 22:46:00,2,Completed,Male,49,Nakhon Ratchasima,2023-03-19,Sports,4500,2387
O0336,C0059,P020,2024-03-15 02:36:00,5,Completed,Female,43,Phuket,2022-04-10,Home & Living,4504,3426
O0337,C0048,P006,2024-03-15 23:10:00,3,Completed,Male,19,Nakhon Ratchasima,2021-12-04,Sports,4039,2302
O0338,C0078,P007,2024-03-15 14:58:00,2,Completed,Female,33,Nakhon Ratchasima,2022-08-30,Electronics,4579,3858
O0339,C0091,P009,2024-03-15 11:40:00,4,Completed,Male,20,Nakhon Ratchasima,2023-08-13,Sports,521,300
O0340,C0099,P006,2024-03-15 10:46:00,4,Completed,Female,45,Nakhon Ratchasima,2023-11-13,Sports,4039,2302
O0341,C0086,P019,2024-03-15 05:01:00,1,Cancelled,Female,38,Khon Kaen,2023-05-18,Electronics,3038,1770
O0342,C0008,P008,2024-03-15 15:17:00,3,Completed,Female,35,Bangkok,2022-09-29,Sports,2895,2134
O0343,C0055,P020,2024-03-15 16:57:00,1,Cancelled,Male,20,Khon Kaen,2023-05-31,Home & Living,4504,3426
O0344,C0068,P019,2024-03-15 23:25:00,4,Completed,Female,41,Chonburi,2022-06-05,Electronics,3038,1770
O0345,C0047,P012,2024-03-15 21:52:00,3,Cancelled,Female,37,Nakhon Ratchasima,2022-11-15,Electronics,3572,2565
O0346,C0018,P012,2024-03-15 08:41:00,5,Completed,Female,47,Khon Kaen,2022-11-09,Electronics,3572,2565
O0347,C0086,P019,2024-03-15 07:36:00,1,Completed,Female,38,Khon Kaen,2023-05-18,Electronics,3038,1770
O0348,C0033,P013,2024-03-15 16:23:00,4,Completed,Male,34,Khon Kaen,2022-01-16,Electronics,2100,1807
O0349,C0044,P003,2024-03-15 11:15:00,5,Completed,Male,28,Chiang Mai,2022-07-13,Home & Living,4195,3615
O0350,C0072,P004,2024-03-15 15:21:00,4,Completed,Male,43,Nakhon Ratchasima,2022-04-15,Home & Living,2074,1366
O0351,C0044,P001,2024-03-15 12:32:00,4,Completed,Male,28,Chiang Mai,2022-07-13,Fashion,3326,1786
O0352,C0056,P002,2024-03-15 03:25:00,1,Completed,Male,40,Khon Kaen,2022-12-19,Fashion,2110,1740
O0353,C0027,P016,2024-03-15 08:55:00,5,Completed,Female,41,Nakhon Ratchasima,2022-04-25,Fashion,2194,1559
O0354,C0055,P005,2024-03-15 22:56:00,1,Completed,Male,20,Khon Kaen,2023-05-31,Electronics,2783,1845
O0355,C0043,P015,2024-03-15 07:40:00,1,Completed,Male,20,Nakhon Ratchasima,2021-03-14,Beauty,1903,1092
O0356,C0020,P017,2024-03-15 11:49:00,1,Completed,Female,29,Phuket,2023-05-10,Beauty,1501,774
O0357,C0016,P011,2024-03-15 22:08:00,3,Completed,Female,35,Bangkok,2022-07-26,Electronics,906,699
O0358,C0060,P002,2024-03-15 08:36:00,2,Completed,Male,25,Phuket,2021-10-14,Fashion,2110,1740
O0359,C0044,P006,2024-03-15 23:22:00,5,Completed,Male,28,Chiang Mai,2022-07-13,Sports,4039,2302
O0360,C0068,P004,2024-03-15 11:26:00,1,Completed,Female,41,Chonburi,2022-06-05,Home & Living,2074,1366
O0361,C0093,P002,2024-03-15 14:46:00,1,Completed,Female,44,Bangkok,2021-03-22,Fashion,2110,1740
O0362,C0047,P018,2024-03-15 09:22:00,3,Cancelled,Female,37,Nakhon Ratchasima,2022-11-15,Home & Living,927,724
O0363,C0087,P018,2024-03-15 02:26:00,4,Completed,Male,23,Bangkok,2023-05-07,Home & Living,927,724
O0364,C0011,P007,2024-03-15 08:19:00,1,Completed,Male,32,Nakhon Ratchasima,2022-02-12,Electronics,4579,3858
O0365,C0004,P008,2024-03-15 04:47:00,4,Cancelled,Male,20,Chiang Mai,2023-08-30,Sports,2895,2134
O0366,C0043,P005,2024-03-15 19:29:00,3,Completed,Male,20,Nakhon Ratchasima,2021-03-14,Electronics,2783,1845
O0367,C0006,P015,2024-03-15 06:31:00,5,Cancelled,Male,25,Phuket,2022-02-03,Beauty,1903,1092
O0368,C0098,P012,2024-03-15 14:18:00,1,Completed,Male,25,Nakhon Ratchasima,2022-02-24,Electronics,3572,2565
O0369,C0091,P020,2024-03-15 20:52:00,2,Completed,Male,20,Nakhon Ratchasima,2023-08-13,Home & Living,4504,3426
O0370,C0074,P014,2024-03-15 13:57:00,2,Completed,Male,21,Phuket,2023-10-08,Sports,4500,2387
O0371,C0031,P007,2024-03-16 00:18:00,3,Completed,Male,39,Nakhon Ratchasima,2023-11-19,Electronics,4579,3858
O0372,C0077,P016,2024-03-15 10:59:00,4,Completed,Male,48,Khon Kaen,2022-01-27,Fashion,2194,1559
O0373,C0060,P017,2024-03-15 17:27:00,4,Completed,Male,25,Phuket,2021-10-14,Beauty,1501,774
O0374,C0028,P001,2024-03-15 04:43:00,2,Completed,Female,35,Chonburi,2021-07-06,Fashion,3326,1786
O0375,C0040,P008,2024-03-15 17:17:00,5,Cancelled,Female,36,Phuket,2021-11-22,Sports,2895,2134
O0376,C0099,P014,2024-03-15 04:51:00,4,Completed,Female,45,Nakhon Ratchasima,2023-11-13,Sports,4500,2387
O0377,C0072,P010,2024-03-15 19:41:00,3,Completed,Male,43,Nakhon Ratchasima,2022-04-15,Electronics,2144,1854
O0378,C0069,P016,2024-03-15 01:08:00,3,Completed,Male,26,Chiang Mai,2021-08-16,Fashion,2194,1559
O0379,C0011,P005,2024-03-16 00:26:00,1,Completed,Male,32,Nakhon Ratchasima,2022-02-12,Electronics,2783,1845
O0380,C0012,P014,2024-03-15 22:03:00,1,Completed,Male,22,Chonburi,2023-05-28,Sports,4500,2387
O0381,C0058,P019,2024-03-15 02:22:00,3,Cancelled,Male,25,Phuket,2022-10-26,Electronics,3038,1770
O0382,C0045,P016,2024-03-15 15:27:00,1,Completed,Male,49,Nakhon Ratchasima,2023-03-19,Fashion,2194,1559
O0383,C0100,P008,2024-03-16 00:48:00,1,Completed,Male,24,Bangkok,2021-06-29,Sports,2895,2134
O0384,C0041,P018,2024-03-15 04:27:00,3,Completed,Female,38,Chiang Mai,2022-11-07,Home & Living,927,724
O0385,C0086,P001,2024-03-15 16:32:00,4,Completed,Female,38,Khon Kaen,2023-05-18,Fashion,3326,1786
O0386,C0015,P012,2024-03-15 00:35:00,4,Completed,Female,27,Chiang Mai,2023-01-06,Electronics,3572,2565
O0387,C0046,P006,2024-03-15 12:20:00,1,Completed,Male,39,Chonburi,2022-12-16,Sports,4039,2302
O0388,C0019,P003,2024-03-15 04:03:00,3,Completed,Female,43,Khon Kaen,2022-04-28,Home & Living,4195,3615
O0389,C0089,P011,2024-03-15 00:46:00,3,Completed,Female,39,Phuket,2023-08-18,Electronics,906,699
O0390,C0099,P003,2024-03-15 07:31:00,1,Completed,Female,45,Nakhon Ratchasima,2023-11-13,Home & Living,4195,3615
O0391,C0078,P016,2024-03-15 09:35:00,1,Completed,Female,33,Nakhon Ratchasima,2022-08-30,Fashion,2194,1559
O0392,C0011,P015,2024-03-15 04:19:00,1,Completed,Male,32,Nakhon Ratchasima,2022-02-12,Beauty,1903,1092
O0393,C0002,P016,2024-03-16 00:03:00,4,Completed,Male,26,Nakhon Ratchasima,2023-11-02,Fashion,2194,1559
O0394,C0095,P020,2024-03-15 21:31:00,4,Completed,Male,18,Chonburi,2022-12-12,Home & Living,4504,3426
O0395,C0071,P013,2024-03-15 07:32:00,3,Completed,Male,48,Khon Kaen,2021-09-27,Electronics,2100,1807
O0396,C0059,P019,2024-03-15 19:45:00,4,Completed,Female,43,Phuket,2022-04-10,Electronics,3038,1770
O0397,C0048,P009,2024-03-15 02:55:00,5,Completed,Male,19,Nakhon Ratchasima,2021-12-04,Sports,521,300
O0398,C0015,P004,2024-03-15 18:46:00,1,Completed,Female,27,Chiang Mai,2023-01-06,Home & Living,2074,1366
O0399,C0058,P007,2024-03-15 07:06:00,1,Completed,Male,25,Phuket,2022-10-26,Electronics,4579,3858
O0400,C0012,P017,2024-03-15 08:24:00,5,Completed,Male,22,Chonburi,2023-05-28,Beauty,1501,774
O0401,C0042,P006,2024-03-15 12:10:00,5,Completed,Male,29,Bangkok,2022-06-02,Sports,4039,2302
O0402,C0018,P008,2024-03-16 00:58:00,3,Completed,Female,47,Khon Kaen,2022-11-09,Sports,2895,2134
O0403,C0001,P003,2024-03-15 21:20:00,2,Completed,Male,46,Chonburi,2023-12-29,Home & Living,4195,3615
O0404,C0058,P004,2024-03-15 14:38:00,2,Completed,Male,25,Phuket,2022-10-26,Home & Living,2074,1366
O0405,C0072,P016,2024-03-15 03:21:00,3,Completed,Male,43,Nakhon Ratchasima,2022-04-15,Fashion,2194,1559
O0406,C0074,P004,2024-03-15 01:36:00,2,Completed,Male,21,Phuket,2023-10-08,Home & Living,2074,1366
O0407,C0070,P009,2024-03-15 20:11:00,4,Completed,Female,47,Chiang Mai,2021-09-17,Sports,521,300
O0408,C0086,P005,2024-03-15 09:24:00,4,Completed,Female,38,Khon Kaen,2023-05-18,Electronics,2783,1845
O0409,C0056,P013,2024-03-15 04:25:00,4,Completed,Male,40,Khon Kaen,2022-12-19,Electronics,2100,1807
O0410,C0006,P018,2024-03-15 22:34:00,5,Completed,Male,25,Phuket,2022-02-03,Home & Living,927,724
O0411,C0066,P020,2024-03-15 10:05:00,4,Completed,Female,18,Nakhon Ratchasima,2023-03-29,Home & Living,4504,3426
O0412,C0020,P019,2024-03-15 08:07:00,3,Completed,Female,29,Phuket,2023-05-10,Electronics,3038,1770
O0413,C0087,P013,2024-03-15 12:15:00,5,Completed,Male,23,Bangkok,2023-05-07,Electronics,2100,1807
O0414,C0060,P004,2024-03-15 00:42:00,5,Cancelled,Male,25,Phuket,2021-10-14,Home & Living,2074,1366
O0415,C0051,P017,2024-03-15 22:33:00,3,Completed,Female,40,Khon Kaen,2021-08-29,Beauty,1501,774
O0416,C0063,P003,2024-03-15 15:21:00,5,Completed,Male,43,Chiang Mai,2023-09-23,Home & Living,4195,3615
O0417,C0006,P001,2024-03-15 23:30:00,4,Completed,Male,25,Phuket,2022-02-03,Fashion,3326,1786
O0418,C0004,P016,2024-03-15 20:09:00,1,Completed,Male,20,Chiang Mai,2023-08-30,Fashion,2194,1559
O0419,C0088,P003,2024-03-15 15:08:00,1,Completed,Female,30,Chonburi,2023-11-17,Home & Living,4195,3615
O0420,C0077,P005,2024-03-15 03:43:00,3,Completed,Male,48,Khon Kaen,2022-01-27,Electronics,2783,1845
O0421,C0026,P015,2024-03-15 07:21:00,4,Completed,Male,20,Bangkok,2023-08-07,Beauty,1903,1092
O0422,C0084,P012,2024-03-15 10:59:00,2,Completed,Male,28,Bangkok,2023-04-03,Electronics,3572,2565
O0423,C0017,P001,2024-03-15 03:29:00,3,Completed,Female,43,Bangkok,2023-12-08,Fashion,3326,1786
O0424,C0048,P004,2024-03-15 11:21:00,1,Completed,Male,19,Nakhon Ratchasima,2021-12-04,Home & Living,2074,1366
O0425,C0011,P016,2024-03-15 18:25:00,1,Completed,Male,32,Nakhon Ratchasima,2022-02-12,Fashion,2194,1559
O0426,C0031,P014,2024-03-15 19:37:00,2,Completed,Male,39,Nakhon Ratchasima,2023-11-19,Sports,4500,2387
O0427,C0009,P013,2024-03-15 05:13:00,2,Completed,Female,41,Chonburi,2022-02-14,Electronics,2100,1807
O0428,C0018,P019,2024-03-15 02:56:00,1,Completed,Female,47,Khon Kaen,2022-11-09,Electronics,3038,1770
O0429,C0053,P002,2024-03-15 09:05:00,3,Completed,Female,19,Chiang Mai,2022-10-11,Fashion,2110,1740
O0430,C0061,P006,2024-03-15 19:12:00,1,Completed,Female,19,Khon Kaen,2023-06-23,Sports,4039,2302
O0431,C0031,P014,2024-03-15 00:14:00,4,Completed,Male,39,Nakhon Ratchasima,2023-11-19,Sports,4500,2387
O0432,C0068,P011,2024-03-15 22:20:00,3,Completed,Female,41,Chonburi,2022-06-05,Electronics,906,699
O0433,C0014,P020,2024-03-15 12:44:00,2,Completed,Female,28,Bangkok,2022-03-24,Home & Living,4504,3426
O0434,C0016,P016,2024-03-15 03:44:00,4,Completed,Female,35,Bangkok,2022-07-26,Fashion,2194,1559
O0435,C0087,P003,2024-03-15 04:07:00,1,Completed,Male,23,Bangkok,2023-05-07,Home & Living,4195,3615
O0436,C0027,P013,2024-03-15 14:30:00,1,Cancelled,Female,41,Nakhon Ratchasima,2022-04-25,Electronics,2100,1807
O0437,C0067,P008,2024-03-15 04:03:00,1,Completed,Female,35,Nakhon Ratchasima,2022-12-26,Sports,2895,2134
O0438,C0026,P016,2024-03-15 06:39:00,4,Completed,Male,20,Bangkok,2023-08-07,Fashion,2194,1559
O0439,C0074,P020,2024-03-15 12:30:00,1,Completed,Male,21,Phuket,2023-10-08,Home & Living,4504,3426
O0440,C0029,P008,2024-03-15 21:07:00,2,Completed,Female,50,Phuket,2022-02-05,Sports,2895,2134
O0441,C0024,P004,2024-03-15 05:44:00,1,Cancelled,Female,37,Nakhon Ratchasima,2021-10-24,Home & Living,2074,1366
O0442,C0091,P011,2024-03-15 20:21:00,5,Completed,Male,20,Nakhon Ratchasima,2023-08-13,Electronics,906,699
O0443,C0048,P009,2024-03-15 04:46:00,1,Cancelled,Male,19,Nakhon Ratchasima,2021-12-04,Sports,521,300
O0444,C0076,P014,2024-03-15 00:06:00,3,Completed,Female,23,Bangkok,2021-03-10,Sports,4500,2387
O0445,C0089,P008,2024-03-15 12:19:00,3,Completed,Female,39,Phuket,2023-08-18,Sports,2895,2134
O0446,C0081,P003,2024-03-15 01:09:00,3,Completed,Male,44,Khon Kaen,2022-03-22,Home & Living,4195,3615
O0447,C0037,P010,2024-03-15 23:41:00,3,Completed,Female,29,Bangkok,2023-06-17,Electronics,2144,1854
O0448,C0044,P015,2024-03-16 00:17:00,2,Completed,Male,28,Chiang Mai,2022-07-13,Beauty,1903,1092
O0449,C0041,P019,2024-03-16 00:49:00,2,Completed,Female,38,Chiang Mai,2022-11-07,Electronics,3038,1770
O0450,C0034,P018,2024-03-15 06:04:00,3,Completed,Male,37,Phuket,2023-04-20,Home & Living,927,724
O0451,C0097,P011,2024-03-15 05:34:00,3,Completed,Female,37,Chiang Mai,2023-03-07,Electronics,906,699
O0452,C0053,P016,2024-03-15 23:32:00,4,Completed,Female,19,Chiang Mai,2022-10-11,Fashion,2194,1559
O0453,C0074,P011,2024-03-15 08:19:00,5,Completed,Male,21,Phuket,2023-10-08,Electronics,906,699
O0454,C0004,P018,2024-03-15 02:04:00,1,Completed,Male,20,Chiang Mai,2023-08-30,Home & Living,927,724
O0455,C0017,P011,2024-03-15 17:07:00,3,Completed,Female,43,Bangkok,2023-12-08,Electronics,906,699
O0456,C0069,P009,2024-03-15 21:32:00,2,Completed,Male,26,Chiang Mai,2021-08-16,Sports,521,300
O0457,C0080,P017,2024-03-15 17:54:00,5,Completed,Female,27,Chonburi,2023-09-11,Beauty,1501,774
O0458,C0099,P001,2024-03-15 06:21:00,2,Completed,Female,45,Nakhon Ratchasima,2023-11-13,Fashion,3326,1786
O0459,C0005,P020,2024-03-15 14:08:00,5,Completed,Female,46,Chonburi,2021-05-23,Home & Living,4504,3426
O0460,C0084,P009,2024-03-16 00:35:00,2,Completed,Male,28,Bangkok,2023-04-03,Sports,521,300
O0461,C0095,P012,2024-03-15 00:31:00,4,Completed,Male,18,Chonburi,2022-12-12,Electronics,3572,2565
O0462,C0038,P018,2024-03-15 21:55:00,2,Completed,Female,23,Phuket,2022-01-17,Home & Living,927,724
O0463,C0051,P006,2024-03-15 11:10:00,5,Completed,Female,40,Khon Kaen,2021-08-29,Sports,4039,2302
O0464,C0030,P007,2024-03-15 15:53:00,5,Completed,Female,41,Phuket,2022-03-31,Electronics,4579,3858
O0465,C0016,P012,2024-03-15 07:52:00,2,Completed,Female,35,Bangkok,2022-07-26,Electronics,3572,2565
O0466,C0045,P008,2024-03-15 08:43:00,3,Completed,Male,49,Nakhon Ratchasima,2023-03-19,Sports,2895,2134
O0467,C0097,P004,2024-03-15 07:31:00,5,Completed,Female,37,Chiang Mai,2023-03-07,Home & Living,2074,1366
O0468,C0043,P010,2024-03-15 15:16:00,4,Completed,Male,20,Nakhon Ratchasima,2021-03-14,Electronics,2144,1854
O0469,C0029,P013,2024-03-15 17:38:00,1,Completed,Female,50,Phuket,2022-02-05,Electronics,2100,1807
O0470,C0094,P012,2024-03-15 09:59:00,1,Completed,Male,29,Chonburi,2022-11-28,Electronics,3572,2565
O0471,C0050,P002,2024-03-15 23:07:00,5,Cancelled,Male,38,Khon Kaen,2021-11-01,Fashion,2110,1740
O0472,C0042,P002,2024-03-15 13:04:00,5,Completed,Male,29,Bangkok,2022-06-02,Fashion,2110,1740
O0473,C0001,P012,2024-03-15 14:00:00,5,Completed,Male,46,Chonburi,2023-12-29,Electronics,3572,2565
O0474,C0028,P004,2024-03-15 03:54:00,2,Completed,Female,35,Chonburi,2021-07-06,Home & Living,2074,1366
O0475,C0091,P005,2024-03-15 21:23:00,1,Completed,Male,20,Nakhon Ratchasima,2023-08-13,Electronics,2783,1845
O0476,C0097,P017,2024-03-15 03:45:00,5,Completed,Female,37,Chiang Mai,2023-03-07,Beauty,1501,774
O0477,C0011,P018,2024-03-15 10:25:00,3,Completed,Male,32,Nakhon Ratchasima,2022-02-12,Home & Living,927,724
O0478,C0043,P011,2024-03-15 12:56:00,2,Completed,Male,20,Nakhon Ratchasima,2021-03-14,Electronics,906,699
O0479,C0047,P011,2024-03-16 00:42:00,2,Completed,Female,37,Nakhon Ratchasima,2022-11-15,Electronics,906,699
O0480,C0092,P011,2024-03-15 11:50:00,3,Completed,Male,23,Chonburi,2022-10-05,Electronics,906,699
O0481,C0031,P003,2024-03-15 02:53:00,2,Cancelled,Male,39,Nakhon Ratchasima,2023-11-19,Home & Living,4195,3615
O0482,C0074,P007,2024-03-15 16:37:00,2,Completed,Male,21,Phuket,2023-10-08,Electronics,4579,3858
O0483,C0027,P020,2024-03-15 06:42:00,5,Completed,Female,41,Nakhon Ratchasima,2022-04-25,Home & Living,4504,3426
O0484,C0047,P006,2024-03-15 18:32:00,5,Completed,Female,37,Nakhon Ratchasima,2022-11-15,Sports,4039,2302
O0485,C0071,P007,2024-03-15 08:16:00,3,Completed,Male,48,Khon Kaen,2021-09-27,Electronics,4579,3858
O0486,C0069,P012,2024-03-15 00:26:00,5,Completed,Male,26,Chiang Mai,2021-08-16,Electronics,3572,2565
O0487,C0091,P012,2024-03-15 10:49:00,3,Completed,Male,20,Nakhon Ratchasima,2023-08-13,Electronics,3572,2565
O0488,C0017,P005,2024-03-15 09:25:00,5,Completed,Female,43,Bangkok,2023-12-08,Electronics,2783,1845
O0489,C0068,P002,2024-03-15 10:08:00,1,Completed,Female,41,Chonburi,2022-06-05,Fashion,2110,1740
O0490,C0011,P005,2024-03-15 06:49:00,5,Completed,Male,32,Nakhon Ratchasima,2022-02-12,Electronics,2783,1845
O0491,C0038,P003,2024-03-15 12:09:00,5,Completed,Female,23,Phuket,2022-01-17,Home & Living,4195,3615
O0492,C0041,P001,2024-03-15 06:30:00,2,Completed,Female,38,Chiang Mai,2022-11-07,Fashion,3326,1786
O0493,C0047,P010,2024-03-15 17:57:00,3,Completed,Female,37,Nakhon Ratchasima,2022-11-15,Electronics,2144,1854
O0494,C0098,P008,2024-03-15 18:14:00,1,Completed,Male,25,Nakhon Ratchasima,2022-02-24,Sports,2895,2134
O0495,C0039,P015,2024-03-15 08:42:00,5,Completed,Male,18,Bangkok,2023-02-11,Beauty,1903,1092
O0496,C0096,P007,2024-03-15 11:16:00,2,Completed,Male,37,Khon Kaen,2023-05-23,Electronics,4579,3858
O0497,C0019,P009,2024-03-15 09:26:00,2,Completed,Female,43,Khon Kaen,2022-04-28,Sports,521,300
O0498,C0065,P018,2024-03-15 14:21:00,3,Completed,Male,23,Chonburi,2023-12-06,Home & Living,927,724
O0499,C0040,P004,2024-03-15 18:03:00,5,Completed,Female,36,Phuket,2021-11-22,Home & Living,2074,1366
O0500,C0081,P003,2024-03-15 04:39:00,4,Completed,Male,44,Khon Kaen,2022-03-22,Home & Living,4195,3615
